"_id",library_id,word
5dac8e5b2a6190092d608bd4,1,Chien
5dac8e5b2a6190092d608bd7,1,Chat
5dac8e5b2a6190092d608bda,2,Hamster
5dac8eb52a6190092d608c05,3,Peruche
5dac8eb52a6190092d608c08,2,Perroquet
5dac8eb52a6190092d608c0b,2,Furet
5dac8eb52a6190092d608c0e,1,Lapin
5dac8eb52a6190092d608c11,1,Mouton
5dac8eb52a6190092d608c14,1,Vache
5dac8eb52a6190092d608c17,1,Poule
5dac8eb52a6190092d608c1a,2,Canard
5dac8eb52a6190092d608c1d,3,Paon
5dac8eb52a6190092d608c20,2,Ane
5dac8eb52a6190092d608c23,1,Cheval
5dac8eb52a6190092d608c26,1,Cochon
5dac8eb52a6190092d608c29,2,Sanglier
5dac8eb52a6190092d608c2c,2,Cerf
5dac8eb52a6190092d608c2f,2,Loup
5dac8eb52a6190092d608c32,1,Ours
5dac8eb52a6190092d608c35,2,Renard
5dac8eb52a6190092d608c38,2,Licorne
5dac8eb62a6190092d608c3b,1,Lezard
5dac8eb62a6190092d608c3e,1,Serpent
5dac8eb62a6190092d608c41,1,Araignée
5dac8eb62a6190092d608c44,2,Moustique
5dac8eb62a6190092d608c47,1,Mouche
5dac8eb62a6190092d608c4a,2,Libelule
5dac8eb62a6190092d608c4d,1,Herisson
5dac8eb62a6190092d608c50,1,Lion
5dac8eb62a6190092d608c53,1,Crocodile
5dac8ec92a6190092d608c58,2,Zebre
5dac8ec92a6190092d608c5b,1,Tigre
5dac8ec92a6190092d608c5e,1,Panda
5dac8ec92a6190092d608c61,1,Requin
5dac8ec92a6190092d608c64,1,Baleine
5dac8ec92a6190092d608c67,1,Dauphin
5dac8ec92a6190092d608c6a,2,Koala
5dac8ec92a6190092d608c6d,2,Chameau
5dac8ec92a6190092d608c70,2,Dromadaire
5dac8ec92a6190092d608c73,2,Sauterelle
5dac8ec92a6190092d608c76,2,Aigle
5dac8ec92a6190092d608c79,2,Corbeau
5dac8ec92a6190092d608c7c,2,Pigeon
5dac8ec92a6190092d608c7f,2,Vautour
5dac8ec92a6190092d608c82,2,Colibris
5dac8ec92a6190092d608c85,2,Flamant-rose
5dac8ec92a6190092d608c88,2,Cobra
5dac8ec92a6190092d608c8b,2,Anaconda
5dac8ec92a6190092d608c8e,1,Cheval
5dac8ec92a6190092d608c91,2,Bison
5dac8ec92a6190092d608c94,1,Autruche
5dac8ec92a6190092d608c97,1,Kangourou
5dac8ec92a6190092d608c9a,2,Panthere
5dac8ec92a6190092d608c9d,1,Singe
5dac8ec92a6190092d608ca0,1,Gorille
5dac8ec92a6190092d608ca3,1,Pingouin
5dac8ec92a6190092d608ca6,2,Phoque
5dac8ec92a6190092d608ca9,2,Orque
5dac8ec92a6190092d608cac,2,Otarie
5dac8ec92a6190092d608caf,1,Crabe
5dac8ec92a6190092d608cb2,1,Crevette
5dac8ec92a6190092d608cb5,1,Homard
5dac8ec92a6190092d608cb8,1,Coquillage
5dac8ec92a6190092d608cbb,1,Pieuvre
5dac8ec92a6190092d608cbe,1,Tortue
5dac8ec92a6190092d608cc1,2,Hippocampe
5dac8ec92a6190092d608cc4,1,Rhinoceros
5dac8ec92a6190092d608cc7,2,Hippopotame
5dac8ec92a6190092d608cca,1,Souris
5dac8ec92a6190092d608ccd,1,Chauve-souris
5dac8ec92a6190092d608cd0,1,Papillon
5dac8ec92a6190092d608cd3,2,Corail
5dac8ec92a6190092d608cd6,3,Yach
5dac8ec92a6190092d608cd9,2,Lama
5dac8ec92a6190092d608cdc,1,T-rex
5dac8ec92a6190092d608cdf,1,Diplodocus
5dac8ec92a6190092d608ce2,1,Abeille
5dac8ec92a6190092d608ce5,1,Grenouille
5dac8ec92a6190092d608ce8,1,Escargot
5dac8ec92a6190092d608ceb,1,Limace
5dac8edc2a6190092d608cee,2,Bernard l'hermite
5dac8edc2a6190092d608cf1,2,Cafard
5dac8edc2a6190092d608cf4,2,Castor
5dac8edc2a6190092d608cf7,2,Hyene
5dac8edc2a6190092d608cfa,1,Chouette
5dac8edc2a6190092d608cfd,2,Cigogne
5dac8edc2a6190092d608d00,1,Coccinelle
5dac8edc2a6190092d608d03,2,Espadon
5dac8edc2a6190092d608d06,1,Etoile de mer
5dac8edc2a6190092d608d09,1,Fourmi
5dac8edc2a6190092d608d0c,1,Girafe
5dac8edc2a6190092d608d0f,2,Guépard
5dac8edc2a6190092d608d12,2,Huître
5dac8edc2a6190092d608d15,2,Iguane
5dac8edc2a6190092d608d18,2,Jaguar
5dac8edc2a6190092d608d1b,2,Lémurien
5dac8edc2a6190092d608d1e,2,Marmotte
5dac8edc2a6190092d608d21,1,Mille patte
5dac8edc2a6190092d608d24,2,Mygale
5dac8edc2a6190092d608d27,3,Narval
5dac8edc2a6190092d608d2a,2,Oursin
5dac8edc2a6190092d608d2d,2,Piranha
5dac8edc2a6190092d608d30,2,Porc épic
5dac8edc2a6190092d608d33,2,Putois
5dac8edc2a6190092d608d36,2,Python
5dac8edc2a6190092d608d39,2,Raie
5dac8edc2a6190092d608d3c,2,Raton laveur
5dac8edc2a6190092d608d3f,3,Roadrunner
5dac8edc2a6190092d608d42,2,salamandre
5dac8edc2a6190092d608d45,2,Scarabé
5dac8edc2a6190092d608d48,2,Pégase
5dac8edc2a6190092d608d4b,3,Kraken
5dac8edc2a6190092d608d4e,2,Taupe
5dac8edc2a6190092d608d51,1,Taureau
5dac8edc2a6190092d608d54,2,Centaure
5dac8edc2a6190092d608d57,2,Tétard
5dac8edc2a6190092d608d5a,1,Ver de terre
5dac8edc2a6190092d608d5d,2,Superman
5dac8edc2a6190092d608d60,2,Iron man
5dac8edc2a6190092d608d63,2,Spiderman
5dac8edc2a6190092d608d66,2,Thor
5dac8edc2a6190092d608d69,3,Ant-man
5dac8edc2a6190092d608d6c,2,Batman
5dac8edc2a6190092d608d6f,2,Hulk
5dac8edc2a6190092d608d72,3,Aquaman
5dac8edc2a6190092d608d75,3,Catwoman
5dac8edc2a6190092d608d78,3,Flash
5dac8edc2a6190092d608d7b,3,Wonder Woman
5dac8edc2a6190092d608d7e,3,Black panther
5dac8edc2a6190092d608d81,3,Black widow
5dac8edc2a6190092d608d84,1,Captain America
5dac8edc2a6190092d608d87,3,Captain Marvel
5dac8edc2a6190092d608d8a,3,Enstein
5dac8edc2a6190092d608d8d,2,Totoro
5dac8edc2a6190092d608d90,2,Homer Simpson
5dac8edc2a6190092d608d93,2,Marge Simpson
5dac8edc2a6190092d608d96,2,Bart Simpson
5dac8edc2a6190092d608d99,2,Lisa Simpson
5dac8edc2a6190092d608d9c,3,Trump
5dac8edc2a6190092d608d9f,2,Ronald McDonald
5dac8edc2a6190092d608da2,3,Monsieur Propre
5dac8edc2a6190092d608da5,3,Chuck Norris
5dac8edc2a6190092d608da8,1,Extra-terrestre
5dac8edc2a6190092d608dab,2,Yéti
5dac8edc2a6190092d608dae,2,Bigfoot
5dac8edc2a6190092d608db1,3,Newton
5dac8edc2a6190092d608db4,3,Drawin
5dac8edc2a6190092d608db7,3,Pasteur
5dac8edc2a6190092d608dba,3,Marie Curie
5dac8edc2a6190092d608dbd,3,César
5dac8edc2a6190092d608dc0,2,Napoléon
5dac8edc2a6190092d608dc3,2,Hitler
5dac8edc2a6190092d608dc6,2,Astérix
5dac8edc2a6190092d608dc9,1,Mickey
5dac8edc2a6190092d608dcc,2,Pikachu
5dac8edc2a6190092d608dcf,2,Marsupilami
5dac8edc2a6190092d608dd2,2,Bob l'éponge
5dac8edc2a6190092d608dd5,2,Scooby-doo
5dac8edc2a6190092d608dd8,2,Caliméro
5dac8edc2a6190092d608ddb,2,Picsou
5dac8edc2a6190092d608dde,2,Schtroumph
5dac8edc2a6190092d608de1,2,Pyjamasques
5dac8edc2a6190092d608de4,2,San Goku
5dac8edc2a6190092d608de7,2,Tintin
5dac8edc2a6190092d608dea,1,PacMan
5dac8edc2a6190092d608ded,1,Super Mario
5dac8edc2a6190092d608df0,2,Link
5dac8edc2a6190092d608df3,1,Sonic
5dac8edc2a6190092d608df6,1,Squelette
5dac8edc2a6190092d608df9,2,Vampire
5dac8f072a6190092d608e04,1,Pirate
5dac8f072a6190092d608e07,2,Chevalier
5dac8f072a6190092d608e0a,2,Ninja
5dac8f072a6190092d608e0d,2,Barbapapa
5dac8f072a6190092d608e10,2,Bisounours
5dac8f072a6190092d608e13,1,Pere Noel
5dac8f072a6190092d608e16,2,Snoopy
5dac8f072a6190092d608e19,2,Obélix
5dac8f072a6190092d608e1c,2,Shrek
5dac8f072a6190092d608e1f,2,Bugs Bunny
5dac8f072a6190092d608e22,1,Les minions
5dac8f072a6190092d608e25,1,Titeuf
5dac8f072a6190092d608e28,2,Winni l'ourson
5dac8f072a6190092d608e2b,2,Dora
5dac8f072a6190092d608e2e,2,Stitch
5dac8f072a6190092d608e31,2,Cartman
5dac8f072a6190092d608e34,1,Tour Effel
5dac8f072a6190092d608e37,2,Sacré coeur
5dac8f072a6190092d608e3a,1,Sphinx
5dac8f072a6190092d608e3d,2,Machu Pichu
5dac8f072a6190092d608e40,2,Corcovado
5dac8f072a6190092d608e43,1,Statue de la  liberté
5dac8f072a6190092d608e46,2,Cité interdite
5dac8f072a6190092d608e49,1,Grande muraille de Chine
5dac8f072a6190092d608e4c,2,Grand canyon
5dac8f072a6190092d608e4f,1,Pyramide
5dac8f072a6190092d608e52,2,Disney Land
5dac8f072a6190092d608e55,2,Mont saint Michel
5dac8f072a6190092d608e58,2,Colisée
5dac8f072a6190092d608e5b,1,Aqueduc
5dac8f072a6190092d608e5e,2,Tondeuse
5dac8f072a6190092d608e61,1,Carafe
5dac8f072a6190092d608e64,1,Chaise
5dac8f072a6190092d608e67,1,Bureau
5dac8f072a6190092d608e6a,1,Porte
5dac8f072a6190092d608e6d,1,Serrure
5dac8f072a6190092d608e70,1,Etagere
5dac8f072a6190092d608e73,1,Planche à  repasser
5dac8f072a6190092d608e76,1,Sablier
5dac8f072a6190092d608e79,2,casse-noix
5dac8f072a6190092d608e7c,1,Parachute
5dac8f072a6190092d608e7f,1,Cheminée
5dac8f072a6190092d608e82,1,Thermometre
5dac8f072a6190092d608e85,1,Poubelle
5dac8f072a6190092d608e88,1,Armoire
5dac8f072a6190092d608e8b,1,Bureau
5dac8f072a6190092d608e8e,1,Lance-pierre
5dac8f072a6190092d608e91,1,Catapulte
5dac8f072a6190092d608e94,1,Portail
5dac8f072a6190092d608e97,1,Passoire
5dac8f072a6190092d608e9a,2,Cuisinére
5dac8f072a6190092d608e9d,1,Radiateur
5dac8f072a6190092d608ea0,1,Télévision
5dac8f072a6190092d608ea3,2,Boite à  outils
5dac8f072a6190092d608ea6,1,Chaussure
5dac8f072a6190092d608ea9,1,Filet
5dac8f072a6190092d608eac,1,Sac à  dos
5dac8f072a6190092d608eaf,1,Valise
5dac8f072a6190092d608eb2,2,Lave vaisselle
5dac8f072a6190092d608eb5,2,Cafetiere
5dac8f072a6190092d608eb8,1,Canapé
5dac8f072a6190092d608ebb,1,hache
5dac8f072a6190092d608ebe,1,Clé
5dac8f072a6190092d608ec1,2,Multiprise
5dac8f072a6190092d608ec4,2,Frigidaire
5dac8f072a6190092d608ec7,2,Congelateur
5dac8f072a6190092d608eca,1,Télécommande
5dac8f072a6190092d608ecd,1,Trousse
5dac8f072a6190092d608ed0,1,Mug
5dac8f072a6190092d608ed3,1,Ampoule
5dac8f212a6190092d608edc,1,Lampe
5dac8f212a6190092d608edf,1,Apareil photo
5dac8f212a6190092d608ee2,2,Brumisateur
5dac8f212a6190092d608ee5,1,Casque
5dac8f212a6190092d608ee8,2,Ecouteurs
5dac8f212a6190092d608eeb,1,Bouteille
5dac8f212a6190092d608eee,1,Amphore
5dac8f212a6190092d608ef1,1,Clavier
5dac8f212a6190092d608ef4,1,Webcam
5dac8f212a6190092d608ef7,1,Hand-spinner
5dac8f212a6190092d608efa,1,Ballon
5dac8f212a6190092d608efd,1,Corde à  sauter
5dac8f212a6190092d608f00,1,Chapeau
5dac8f212a6190092d608f03,1,Casquette
5dac8f212a6190092d608f06,1,Jumelle
5dac8f212a6190092d608f09,1,Téléscope
5dac8f212a6190092d608f0c,1,Gourde
5dac8f212a6190092d608f0f,1,Lunettes
5dac8f212a6190092d608f12,2,Mixeur
5dac8f212a6190092d608f15,2,Platine vinyl
5dac8f212a6190092d608f18,1,Chandelier
5dac8f212a6190092d608f1b,1,Balancoire
5dac8f212a6190092d608f1e,1,Coffre fort
5dac8f212a6190092d608f21,1,Guillotine
5dac8f212a6190092d608f24,1,Menottes
5dac8f212a6190092d608f27,1,Grenade
5dac8f212a6190092d608f2a,1,Montre
5dac8f212a6190092d608f2d,2,Microscope
5dac8f212a6190092d608f30,1,Chaine
5dac8f212a6190092d608f33,1,Rateau
5dac8f212a6190092d608f36,1,Epée
5dac8f212a6190092d608f39,1,Pioche
5dac8f212a6190092d608f3c,1,Fourche
5dac8f212a6190092d608f3f,1,Trident
5dac8f212a6190092d608f42,1,Calendrier
5dac8f212a6190092d608f45,1,Horloge
5dac8f212a6190092d608f48,1,Aimant
5dac8f212a6190092d608f4b,1,Eolienne
5dac8f212a6190092d608f4e,1,"Moulin "
5dac8f212a6190092d608f51,1,Cadenas
5dac8f212a6190092d608f54,2,Radio
5dac8f212a6190092d608f57,2,Pinata
5dac8f212a6190092d608f5a,1,Balance
5dac8f212a6190092d608f5d,1,Arrosoire
5dac8f212a6190092d608f60,2,Rubik's cube
5dac8f212a6190092d608f63,1,Cheminée
5dac8f212a6190092d608f66,1,Ventilateur
5dac8f212a6190092d608f69,1,Citerne
5dac8f212a6190092d608f6c,1,Pelle
5dac8f212a6190092d608f6f,1,Barriere
5dac8f212a6190092d608f72,1,Ciseaux
5dac8f212a6190092d608f75,1,Pinceau
5dac8f212a6190092d608f78,1,Livre
5dac8f212a6190092d608f7b,1,Bougie
5dac8f212a6190092d608f7e,1,Enceinte
5dac8f212a6190092d608f81,1,Bibliotheque
5dac8f212a6190092d608f84,1,Coussin
5dac8f212a6190092d608f87,1,Lampadaire
5dac8f212a6190092d608f8a,1,Aquarium
5dac8f212a6190092d608f8d,1,Rideaux
5dac8f212a6190092d608f90,1,Parapluie
5dac8f212a6190092d608f93,1,Brosse à  dent
5dac8f212a6190092d608f96,1,Brosse à  cheuveux
5dac8f212a6190092d608f99,1,Peigne
5dac8f212a6190092d608f9c,1,Pansement
5dac8f212a6190092d608f9f,2,Transat
5dac8f212a6190092d608fa2,1,Statue
5dac8f212a6190092d608fa5,1,Bonsai
5dac8f212a6190092d608fa8,2,Doudou
5dac8f212a6190092d608fab,1,Stylo
5dac8f212a6190092d608fae,1,Crayon de couleurs
5dac8f212a6190092d608fb1,1,Arc en ciel
5dac8f212a6190092d608fb4,1,Lit
5dac8f212a6190092d608fb7,1,Tournevis
5dac8f212a6190092d608fba,1,Pince
5dac8f212a6190092d608fbd,1,Arbre
5dac8f212a6190092d608fc0,1,Sapin
5dac8f212a6190092d608fc3,1,Montagne
5dac8f212a6190092d608fc6,2,Cascade
5dac8f212a6190092d608fc9,1,Volcan
5dac8f362a6190092d608fcf,2,Banquise
5dac8f362a6190092d608fd2,1,Iceberg
5dac8f362a6190092d608fd5,1,Desert
5dac8f362a6190092d608fd8,1,Grotte
5dac8f362a6190092d608fdb,2,Stalagmite
5dac8f362a6190092d608fde,1,Geyser
5dac8f362a6190092d608fe1,2,Oasis
5dac8f362a6190092d608fe4,1,Jungle
5dac8f362a6190092d608fe7,2,Lagon
5dac8f362a6190092d608fea,1,Plage
5dac8f362a6190092d608fed,1,Mer
5dac8f362a6190092d608ff0,2,Camping
5dac8f362a6190092d608ff3,1,Foret
5dac8f362a6190092d608ff6,2,Corail
5dac8f362a6190092d608ff9,1,Ile
5dac8f362a6190092d608ffc,2,Archipel
5dac8f362a6190092d608fff,2,Metropole
5dac8f362a6190092d609002,0,Village
5dac8f362a6190092d609005,1,Eglise
5dac8f362a6190092d609008,1,Mosqué
5dac8f362a6190092d60900b,2,Cathedrale
5dac8f362a6190092d60900e,2,Synagogue
5dac8f362a6190092d609011,2,Temple
5dac8f362a6190092d609014,2,Rose
5dac8f362a6190092d609017,1,Fleurs
5dac8f362a6190092d60901a,2,Baobab
5dac8f362a6190092d60901d,1,Falaise
5dac8f362a6190092d609020,1,Neige
5dac8f362a6190092d609023,1,Lune
5dac8f362a6190092d609026,1,Etoile
5dac8f362a6190092d609029,1,Cactus
5dac8f362a6190092d60902c,2,Courrir
5dac8f362a6190092d60902f,2,Manger
5dac8f362a6190092d609032,2,Nager
5dac8f362a6190092d609035,2,Ecrire
5dac8f362a6190092d609038,2,Conduire
5dac8f362a6190092d60903b,2,Lancer
5dac8f362a6190092d60903e,2,Chanter
5dac8f362a6190092d609041,2,Voler
5dac8f362a6190092d609044,2,Creuser
5dac8f362a6190092d609047,2,Batterie
5dac8f362a6190092d60904a,1,Guitare
5dac8f362a6190092d60904d,1,Bass
5dac8f362a6190092d609050,1,Acordéon
5dac8f362a6190092d609053,1,Harpe
5dac8f362a6190092d609056,2,Contre-basse
5dac8f362a6190092d609059,1,Violon
5dac8f362a6190092d60905c,2,Trombone
5dac8f362a6190092d60905f,2,Gong
5dac8f362a6190092d609062,1,Synthétiseur
5dac8f362a6190092d609065,1,Piano
5dac8f362a6190092d609068,1,Trompette
5dac8f362a6190092d60906b,2,Xylophone
5dac8f362a6190092d60906e,2,Cornemuse
5dac8f362a6190092d609071,2,Harmonica
5dac8f362a6190092d609074,3,Didgeridoo
5dac8f362a6190092d609077,2,Maracasse
5dac8f362a6190092d60907a,2,Garagiste
5dac8f362a6190092d60907d,2,Cuisinier
5dac8f362a6190092d609080,2,Développeur
5dac8f362a6190092d609083,2,Coiffeur
5dac8f362a6190092d609086,2,Boulanger
5dac8f362a6190092d609089,2,Policier
5dac8f362a6190092d60908c,2,Pompier
5dac8f362a6190092d60908f,2,Militaire
5dac8f362a6190092d609092,2,Jardinier
5dac8f362a6190092d609095,2,Planche de surf
5dac8f362a6190092d609098,1,Skateboard
5dac8f362a6190092d60909b,2,Tricycle
5dac8f362a6190092d60909e,1,Voiture
5dac8f362a6190092d6090a1,1,Moto
5dac8f362a6190092d6090a4,2,Side-car
5dac8f362a6190092d6090a7,1,Fusée
5dac8f362a6190092d6090aa,1,Navette
5dac8f362a6190092d6090ad,2,satellite
5dac8f362a6190092d6090b0,2,Overboard
5dac8f362a6190092d6090b3,1,Trotinette
5dac8f362a6190092d6090b6,2,ULM
5dac8f362a6190092d6090b9,2,Parapente
5dac8f362a6190092d6090bc,2,Hélicoptere
5dac8f452a6190092d6090c2,1,Avion
5dac8f452a6190092d6090c5,2,Camping-car
5dac8f452a6190092d6090c8,2,Caravane
5dac8f452a6190092d6090cb,1,Jet
5dac8f452a6190092d6090ce,1,Mongolfiere
5dac8f452a6190092d6090d1,2,Delta-plane
5dac8f452a6190092d6090d4,2,Grue
5dac8f452a6190092d6090d7,2,Tracteur
5dac8f452a6190092d6090da,2,Buldozer
5dac8f452a6190092d6090dd,1,Bus
5dac8f452a6190092d6090e0,2,Formule 1
5dac8f452a6190092d6090e3,1,Canoé
5dac8f452a6190092d6090e6,1,Voilier
5dac8f452a6190092d6090e9,2,Paquebot
5dac8f452a6190092d6090ec,2,Porte-conteneurs
5dac8f452a6190092d6090ef,1,Soucoupe-volante
5dac8f452a6190092d6090f2,2,Fenwich
5dac8f452a6190092d6090f5,2,Moto neige
5dac8f452a6190092d6090f8,1,Luge
5dac8f452a6190092d6090fb,2,Hamburger
5dac8f452a6190092d6090fe,2,Pizza
5dac8f452a6190092d609101,1,Hot-dog
5dac8f452a6190092d609104,1,Cookie
5dac8f452a6190092d609107,2,Soda
5dac8f452a6190092d60910a,1,Glace
5dac8f452a6190092d60910d,2,Café
5dac8f452a6190092d609110,1,Gateau
5dac8f452a6190092d609113,1,Chocolat
5dac8f452a6190092d609116,2,Sushi
5dac8f452a6190092d609119,1,Banane
5dac8f452a6190092d60911c,1,Poire
5dac8f452a6190092d60911f,1,Pomme
5dac8f452a6190092d609122,1,Fraise
5dac8f452a6190092d609125,1,Ananas
5dac8f452a6190092d609128,1,Cerise
5dac8f452a6190092d60912b,2,Courgette
5dac8f452a6190092d60912e,1,Tomate
5dac8f452a6190092d609131,1,Concombre
5dac8f452a6190092d609134,2,Poivron
5dac8f452a6190092d609137,2,Haricot vert
5dac8f452a6190092d60913a,2,Tacos
5dac8f452a6190092d60913d,1,Frites
5dac8f452a6190092d609140,1,Salade
5dac8f452a6190092d609143,2,Surimi
5dac8f452a6190092d609146,1,Sandwich
5dac8f452a6190092d609149,2,Compote
5dac8f452a6190092d60914c,1,Confiture
5dac8f452a6190092d60914f,2,Jambon
5dac8f452a6190092d609152,1,Olive
5dac8f452a6190092d609155,1,Carotte
5dac8f452a6190092d609158,2,Celeri
5dac8f452a6190092d60915b,1,Poireaux
5dac8f452a6190092d60915e,1,Piment
5dac8f452a6190092d609161,2,Yaourt
5dac8f452a6190092d609164,1,Oeufs
5dac8f452a6190092d609167,1,Fromage
5dac8f452a6190092d60916a,1,Pain
5dac8f452a6190092d60916d,1,Brioche
5dac8f452a6190092d609170,1,Croissant
5dac8f452a6190092d609173,2,Pain au chocolat
5dac8f452a6190092d609176,2,Cornichon
5dac8f452a6190092d609179,1,Avocat
5dac8f452a6190092d60917c,1,Brochettes
